plaintext,distinct_ciphertexts,collision_groups,max_group_size,key_total,candidate_distribution
00000000,254,254,8,1024,"{""0"": 2, ""2"": 40, ""4"": 172, ""6"": 40, ""8"": 2}"
00000001,254,254,8,1024,"{""0"": 2, ""2"": 42, ""4"": 168, ""6"": 42, ""8"": 2}"
00000010,254,254,8,1024,"{""0"": 2, ""2"": 42, ""4"": 168, ""6"": 42, ""8"": 2}"
00000011,254,254,8,1024,"{""0"": 2, ""2"": 44, ""4"": 164, ""6"": 44, ""8"": 2}"
00000100,254,254,8,1024,"{""0"": 2, ""2"": 48, ""4"": 156, ""6"": 48, ""8"": 2}"
00000101,254,254,8,1024,"{""0"": 2, ""2"": 48, ""4"": 156, ""6"": 48, ""8"": 2}"
00000110,254,254,8,1024,"{""0"": 2, ""2"": 42, ""4"": 168, ""6"": 42, ""8"": 2}"
00000111,254,254,8,1024,"{""0"": 2, ""2"": 44, ""4"": 164, ""6"": 44, ""8"": 2}"
00001000,254,254,8,1024,"{""0"": 2, ""2"": 40, ""4"": 172, ""6"": 40, ""8"": 2}"
00001001,254,254,8,1024,"{""0"": 2, ""2"": 36, ""4"": 180, ""6"": 36, ""8"": 2}"
00001010,254,254,8,1024,"{""0"": 2, ""2"": 44, ""4"": 164, ""6"": 44, ""8"": 2}"
00001011,254,254,8,1024,"{""0"": 2, ""2"": 44, ""4"": 164, ""6"": 44, ""8"": 2}"
00001100,254,254,8,1024,"{""0"": 2, ""2"": 42, ""4"": 168, ""6"": 42, ""8"": 2}"
00001101,254,254,8,1024,"{""0"": 2, ""2"": 44, ""4"": 164, ""6"": 44, ""8"": 2}"
00001110,254,254,8,1024,"{""0"": 2, ""2"": 42, ""4"": 168, ""6"": 42, ""8"": 2}"
00001111,254,254,8,1024,"{""0"": 2, ""2"": 38, ""4"": 176, ""6"": 38, ""8"": 2}"
00010000,254,254,8,1024,"{""0"": 2, ""2"": 48, ""4"": 156, ""6"": 48, ""8"": 2}"
00010001,254,254,8,1024,"{""0"": 2, ""2"": 48, ""4"": 156, ""6"": 48, ""8"": 2}"
00010010,254,254,8,1024,"{""0"": 2, ""2"": 44, ""4"": 164, ""6"": 44, ""8"": 2}"
00010011,254,254,8,1024,"{""0"": 2, ""2"": 42, ""4"": 168, ""6"": 42, ""8"": 2}"
00010100,254,254,8,1024,"{""0"": 2, ""2"": 42, ""4"": 168, ""6"": 42, ""8"": 2}"
00010101,254,254,8,1024,"{""0"": 2, ""2"": 40, ""4"": 172, ""6"": 40, ""8"": 2}"
00010110,254,254,8,1024,"{""0"": 2, ""2"": 44, ""4"": 164, ""6"": 44, ""8"": 2}"
00010111,254,254,8,1024,"{""0"": 2, ""2"": 42, ""4"": 168, ""6"": 42, ""8"": 2}"
00011000,254,254,8,1024,"{""0"": 2, ""2"": 44, ""4"": 164, ""6"": 44, ""8"": 2}"
00011001,254,254,8,1024,"{""0"": 2, ""2"": 42, ""4"": 168, ""6"": 42, ""8"": 2}"
00011010,254,254,8,1024,"{""0"": 2, ""2"": 38, ""4"": 176, ""6"": 38, ""8"": 2}"
00011011,254,254,8,1024,"{""0"": 2, ""2"": 42, ""4"": 168, ""6"": 42, ""8"": 2}"
00011100,254,254,8,1024,"{""0"": 2, ""2"": 36, ""4"": 180, ""6"": 36, ""8"": 2}"
00011101,254,254,8,1024,"{""0"": 2, ""2"": 40, ""4"": 172, ""6"": 40, ""8"": 2}"
00011110,254,254,8,1024,"{""0"": 2, ""2"": 44, ""4"": 164, ""6"": 44, ""8"": 2}"
00011111,254,254,8,1024,"{""0"": 2, ""2"": 44, ""4"": 164, ""6"": 44, ""8"": 2}"
00100000,254,254,8,1024,"{""0"": 2, ""2"": 40, ""4"": 172, ""6"": 40, ""8"": 2}"
00100001,254,254,8,1024,"{""0"": 2, ""2"": 36, ""4"": 180, ""6"": 36, ""8"": 2}"
00100010,254,254,8,1024,"{""0"": 2, ""2"": 44, ""4"": 164, ""6"": 44, ""8"": 2}"
00100011,254,254,8,1024,"{""0"": 2, ""2"": 44, ""4"": 164, ""6"": 44, ""8"": 2}"
00100100,254,254,8,1024,"{""0"": 2, ""2"": 42, ""4"": 168, ""6"": 42, ""8"": 2}"
00100101,254,254,8,1024,"{""0"": 2, ""2"": 44, ""4"": 164, ""6"": 44, ""8"": 2}"
00100110,254,254,8,1024,"{""0"": 2, ""2"": 42, ""4"": 168, ""6"": 42, ""8"": 2}"
00100111,254,254,8,1024,"{""0"": 2, ""2"": 38, ""4"": 176, ""6"": 38, ""8"": 2}"
00101000,254,254,8,1024,"{""0"": 2, ""2"": 40, ""4"": 172, ""6"": 40, ""8"": 2}"
00101001,254,254,8,1024,"{""0"": 2, ""2"": 42, ""4"": 168, ""6"": 42, ""8"": 2}"
00101010,254,254,8,1024,"{""0"": 2, ""2"": 42, ""4"": 168, ""6"": 42, ""8"": 2}"
00101011,254,254,8,1024,"{""0"": 2, ""2"": 44, ""4"": 164, ""6"": 44, ""8"": 2}"
00101100,254,254,8,1024,"{""0"": 2, ""2"": 48, ""4"": 156, ""6"": 48, ""8"": 2}"
00101101,254,254,8,1024,"{""0"": 2, ""2"": 48, ""4"": 156, ""6"": 48, ""8"": 2}"
00101110,254,254,8,1024,"{""0"": 2, ""2"": 42, ""4"": 168, ""6"": 42, ""8"": 2}"
00101111,254,254,8,1024,"{""0"": 2, ""2"": 44, ""4"": 164, ""6"": 44, ""8"": 2}"
00110000,254,254,8,1024,"{""0"": 2, ""2"": 44, ""4"": 164, ""6"": 44, ""8"": 2}"
00110001,254,254,8,1024,"{""0"": 2, ""2"": 42, ""4"": 168, ""6"": 42, ""8"": 2}"
00110010,254,254,8,1024,"{""0"": 2, ""2"": 38, ""4"": 176, ""6"": 38, ""8"": 2}"
00110011,254,254,8,1024,"{""0"": 2, ""2"": 42, ""4"": 168, ""6"": 42, ""8"": 2}"
00110100,254,254,8,1024,"{""0"": 2, ""2"": 36, ""4"": 180, ""6"": 36, ""8"": 2}"
00110101,254,254,8,1024,"{""0"": 2, ""2"": 40, ""4"": 172, ""6"": 40, ""8"": 2}"
00110110,254,254,8,1024,"{""0"": 2, ""2"": 44, ""4"": 164, ""6"": 44, ""8"": 2}"
00110111,254,254,8,1024,"{""0"": 2, ""2"": 44, ""4"": 164, ""6"": 44, ""8"": 2}"
00111000,254,254,8,1024,"{""0"": 2, ""2"": 48, ""4"": 156, ""6"": 48, ""8"": 2}"
00111001,254,254,8,1024,"{""0"": 2, ""2"": 48, ""4"": 156, ""6"": 48, ""8"": 2}"
00111010,254,254,8,1024,"{""0"": 2, ""2"": 44, ""4"": 164, ""6"": 44, ""8"": 2}"
00111011,254,254,8,1024,"{""0"": 2, ""2"": 42, ""4"": 168, ""6"": 42, ""8"": 2}"
00111100,254,254,8,1024,"{""0"": 2, ""2"": 42, ""4"": 168, ""6"": 42, ""8"": 2}"
00111101,254,254,8,1024,"{""0"": 2, ""2"": 40, ""4"": 172, ""6"": 40, ""8"": 2}"
00111110,254,254,8,1024,"{""0"": 2, ""2"": 44, ""4"": 164, ""6"": 44, ""8"": 2}"
00111111,254,254,8,1024,"{""0"": 2, ""2"": 42, ""4"": 168, ""6"": 42, ""8"": 2}"
01000000,254,254,8,1024,"{""0"": 2, ""2"": 42, ""4"": 168, ""6"": 42, ""8"": 2}"
01000001,254,254,8,1024,"{""0"": 2, ""2"": 44, ""4"": 164, ""6"": 44, ""8"": 2}"
01000010,254,254,8,1024,"{""0"": 2, ""2"": 40, ""4"": 172, ""6"": 40, ""8"": 2}"
01000011,254,254,8,1024,"{""0"": 2, ""2"": 42, ""4"": 168, ""6"": 42, ""8"": 2}"
01000100,254,254,8,1024,"{""0"": 2, ""2"": 42, ""4"": 168, ""6"": 42, ""8"": 2}"
01000101,254,254,8,1024,"{""0"": 2, ""2"": 44, ""4"": 164, ""6"": 44, ""8"": 2}"
01000110,254,254,8,1024,"{""0"": 2, ""2"": 48, ""4"": 156, ""6"": 48, ""8"": 2}"
01000111,254,254,8,1024,"{""0"": 2, ""2"": 48, ""4"": 156, ""6"": 48, ""8"": 2}"
01001000,254,254,8,1024,"{""0"": 2, ""2"": 44, ""4"": 164, ""6"": 44, ""8"": 2}"
01001001,254,254,8,1024,"{""0"": 2, ""2"": 44, ""4"": 164, ""6"": 44, ""8"": 2}"
01001010,254,254,8,1024,"{""0"": 2, ""2"": 40, ""4"": 172, ""6"": 40, ""8"": 2}"
01001011,254,254,8,1024,"{""0"": 2, ""2"": 36, ""4"": 180, ""6"": 36, ""8"": 2}"
01001100,254,254,8,1024,"{""0"": 2, ""2"": 42, ""4"": 168, ""6"": 42, ""8"": 2}"
01001101,254,254,8,1024,"{""0"": 2, ""2"": 38, ""4"": 176, ""6"": 38, ""8"": 2}"
01001110,254,254,8,1024,"{""0"": 2, ""2"": 42, ""4"": 168, ""6"": 42, ""8"": 2}"
01001111,254,254,8,1024,"{""0"": 2, ""2"": 44, ""4"": 164, ""6"": 44, ""8"": 2}"
01010000,254,254,8,1024,"{""0"": 2, ""2"": 44, ""4"": 164, ""6"": 44, ""8"": 2}"
01010001,254,254,8,1024,"{""0"": 2, ""2"": 42, ""4"": 168, ""6"": 42, ""8"": 2}"
01010010,254,254,8,1024,"{""0"": 2, ""2"": 48, ""4"": 156, ""6"": 48, ""8"": 2}"
01010011,254,254,8,1024,"{""0"": 2, ""2"": 48, ""4"": 156, ""6"": 48, ""8"": 2}"
01010100,254,254,8,1024,"{""0"": 2, ""2"": 44, ""4"": 164, ""6"": 44, ""8"": 2}"
01010101,254,254,8,1024,"{""0"": 2, ""2"": 42, ""4"": 168, ""6"": 42, ""8"": 2}"
01010110,254,254,8,1024,"{""0"": 2, ""2"": 42, ""4"": 168, ""6"": 42, ""8"": 2}"
01010111,254,254,8,1024,"{""0"": 2, ""2"": 40, ""4"": 172, ""6"": 40, ""8"": 2}"
01011000,254,254,8,1024,"{""0"": 2, ""2"": 38, ""4"": 176, ""6"": 38, ""8"": 2}"
01011001,254,254,8,1024,"{""0"": 2, ""2"": 42, ""4"": 168, ""6"": 42, ""8"": 2}"
01011010,254,254,8,1024,"{""0"": 2, ""2"": 44, ""4"": 164, ""6"": 44, ""8"": 2}"
01011011,254,254,8,1024,"{""0"": 2, ""2"": 42, ""4"": 168, ""6"": 42, ""8"": 2}"
01011100,254,254,8,1024,"{""0"": 2, ""2"": 44, ""4"": 164, ""6"": 44, ""8"": 2}"
01011101,254,254,8,1024,"{""0"": 2, ""2"": 44, ""4"": 164, ""6"": 44, ""8"": 2}"
01011110,254,254,8,1024,"{""0"": 2, ""2"": 36, ""4"": 180, ""6"": 36, ""8"": 2}"
01011111,254,254,8,1024,"{""0"": 2, ""2"": 40, ""4"": 172, ""6"": 40, ""8"": 2}"
01100000,254,254,8,1024,"{""0"": 2, ""2"": 44, ""4"": 164, ""6"": 44, ""8"": 2}"
01100001,254,254,8,1024,"{""0"": 2, ""2"": 44, ""4"": 164, ""6"": 44, ""8"": 2}"
01100010,254,254,8,1024,"{""0"": 2, ""2"": 40, ""4"": 172, ""6"": 40, ""8"": 2}"
01100011,254,254,8,1024,"{""0"": 2, ""2"": 36, ""4"": 180, ""6"": 36, ""8"": 2}"
01100100,254,254,8,1024,"{""0"": 2, ""2"": 42, ""4"": 168, ""6"": 42, ""8"": 2}"
01100101,254,254,8,1024,"{""0"": 2, ""2"": 38, ""4"": 176, ""6"": 38, ""8"": 2}"
01100110,254,254,8,1024,"{""0"": 2, ""2"": 42, ""4"": 168, ""6"": 42, ""8"": 2}"
01100111,254,254,8,1024,"{""0"": 2, ""2"": 44, ""4"": 164, ""6"": 44, ""8"": 2}"
01101000,254,254,8,1024,"{""0"": 2, ""2"": 42, ""4"": 168, ""6"": 42, ""8"": 2}"
01101001,254,254,8,1024,"{""0"": 2, ""2"": 44, ""4"": 164, ""6"": 44, ""8"": 2}"
01101010,254,254,8,1024,"{""0"": 2, ""2"": 40, ""4"": 172, ""6"": 40, ""8"": 2}"
01101011,254,254,8,1024,"{""0"": 2, ""2"": 42, ""4"": 168, ""6"": 42, ""8"": 2}"
01101100,254,254,8,1024,"{""0"": 2, ""2"": 42, ""4"": 168, ""6"": 42, ""8"": 2}"
01101101,254,254,8,1024,"{""0"": 2, ""2"": 44, ""4"": 164, ""6"": 44, ""8"": 2}"
01101110,254,254,8,1024,"{""0"": 2, ""2"": 48, ""4"": 156, ""6"": 48, ""8"": 2}"
01101111,254,254,8,1024,"{""0"": 2, ""2"": 48, ""4"": 156, ""6"": 48, ""8"": 2}"
01110000,254,254,8,1024,"{""0"": 2, ""2"": 38, ""4"": 176, ""6"": 38, ""8"": 2}"
01110001,254,254,8,1024,"{""0"": 2, ""2"": 42, ""4"": 168, ""6"": 42, ""8"": 2}"
01110010,254,254,8,1024,"{""0"": 2, ""2"": 44, ""4"": 164, ""6"": 44, ""8"": 2}"
01110011,254,254,8,1024,"{""0"": 2, ""2"": 42, ""4"": 168, ""6"": 42, ""8"": 2}"
01110100,254,254,8,1024,"{""0"": 2, ""2"": 44, ""4"": 164, ""6"": 44, ""8"": 2}"
01110101,254,254,8,1024,"{""0"": 2, ""2"": 44, ""4"": 164, ""6"": 44, ""8"": 2}"
01110110,254,254,8,1024,"{""0"": 2, ""2"": 36, ""4"": 180, ""6"": 36, ""8"": 2}"
01110111,254,254,8,1024,"{""0"": 2, ""2"": 40, ""4"": 172, ""6"": 40, ""8"": 2}"
01111000,254,254,8,1024,"{""0"": 2, ""2"": 44, ""4"": 164, ""6"": 44, ""8"": 2}"
01111001,254,254,8,1024,"{""0"": 2, ""2"": 42, ""4"": 168, ""6"": 42, ""8"": 2}"
01111010,254,254,8,1024,"{""0"": 2, ""2"": 48, ""4"": 156, ""6"": 48, ""8"": 2}"
01111011,254,254,8,1024,"{""0"": 2, ""2"": 48, ""4"": 156, ""6"": 48, ""8"": 2}"
01111100,254,254,8,1024,"{""0"": 2, ""2"": 44, ""4"": 164, ""6"": 44, ""8"": 2}"
01111101,254,254,8,1024,"{""0"": 2, ""2"": 42, ""4"": 168, ""6"": 42, ""8"": 2}"
01111110,254,254,8,1024,"{""0"": 2, ""2"": 42, ""4"": 168, ""6"": 42, ""8"": 2}"
01111111,254,254,8,1024,"{""0"": 2, ""2"": 40, ""4"": 172, ""6"": 40, ""8"": 2}"
10000000,254,254,8,1024,"{""0"": 2, ""2"": 40, ""4"": 172, ""6"": 40, ""8"": 2}"
10000001,254,254,8,1024,"{""0"": 2, ""2"": 42, ""4"": 168, ""6"": 42, ""8"": 2}"
10000010,254,254,8,1024,"{""0"": 2, ""2"": 42, ""4"": 168, ""6"": 42, ""8"": 2}"
10000011,254,254,8,1024,"{""0"": 2, ""2"": 44, ""4"": 164, ""6"": 44, ""8"": 2}"
10000100,254,254,8,1024,"{""0"": 2, ""2"": 48, ""4"": 156, ""6"": 48, ""8"": 2}"
10000101,254,254,8,1024,"{""0"": 2, ""2"": 48, ""4"": 156, ""6"": 48, ""8"": 2}"
10000110,254,254,8,1024,"{""0"": 2, ""2"": 42, ""4"": 168, ""6"": 42, ""8"": 2}"
10000111,254,254,8,1024,"{""0"": 2, ""2"": 44, ""4"": 164, ""6"": 44, ""8"": 2}"
10001000,254,254,8,1024,"{""0"": 2, ""2"": 40, ""4"": 172, ""6"": 40, ""8"": 2}"
10001001,254,254,8,1024,"{""0"": 2, ""2"": 36, ""4"": 180, ""6"": 36, ""8"": 2}"
10001010,254,254,8,1024,"{""0"": 2, ""2"": 44, ""4"": 164, ""6"": 44, ""8"": 2}"
10001011,254,254,8,1024,"{""0"": 2, ""2"": 44, ""4"": 164, ""6"": 44, ""8"": 2}"
10001100,254,254,8,1024,"{""0"": 2, ""2"": 42, ""4"": 168, ""6"": 42, ""8"": 2}"
10001101,254,254,8,1024,"{""0"": 2, ""2"": 44, ""4"": 164, ""6"": 44, ""8"": 2}"
10001110,254,254,8,1024,"{""0"": 2, ""2"": 42, ""4"": 168, ""6"": 42, ""8"": 2}"
10001111,254,254,8,1024,"{""0"": 2, ""2"": 38, ""4"": 176, ""6"": 38, ""8"": 2}"
10010000,254,254,8,1024,"{""0"": 2, ""2"": 48, ""4"": 156, ""6"": 48, ""8"": 2}"
10010001,254,254,8,1024,"{""0"": 2, ""2"": 48, ""4"": 156, ""6"": 48, ""8"": 2}"
10010010,254,254,8,1024,"{""0"": 2, ""2"": 44, ""4"": 164, ""6"": 44, ""8"": 2}"
10010011,254,254,8,1024,"{""0"": 2, ""2"": 42, ""4"": 168, ""6"": 42, ""8"": 2}"
10010100,254,254,8,1024,"{""0"": 2, ""2"": 42, ""4"": 168, ""6"": 42, ""8"": 2}"
10010101,254,254,8,1024,"{""0"": 2, ""2"": 40, ""4"": 172, ""6"": 40, ""8"": 2}"
10010110,254,254,8,1024,"{""0"": 2, ""2"": 44, ""4"": 164, ""6"": 44, ""8"": 2}"
10010111,254,254,8,1024,"{""0"": 2, ""2"": 42, ""4"": 168, ""6"": 42, ""8"": 2}"
10011000,254,254,8,1024,"{""0"": 2, ""2"": 44, ""4"": 164, ""6"": 44, ""8"": 2}"
10011001,254,254,8,1024,"{""0"": 2, ""2"": 42, ""4"": 168, ""6"": 42, ""8"": 2}"
10011010,254,254,8,1024,"{""0"": 2, ""2"": 38, ""4"": 176, ""6"": 38, ""8"": 2}"
10011011,254,254,8,1024,"{""0"": 2, ""2"": 42, ""4"": 168, ""6"": 42, ""8"": 2}"
10011100,254,254,8,1024,"{""0"": 2, ""2"": 36, ""4"": 180, ""6"": 36, ""8"": 2}"
10011101,254,254,8,1024,"{""0"": 2, ""2"": 40, ""4"": 172, ""6"": 40, ""8"": 2}"
10011110,254,254,8,1024,"{""0"": 2, ""2"": 44, ""4"": 164, ""6"": 44, ""8"": 2}"
10011111,254,254,8,1024,"{""0"": 2, ""2"": 44, ""4"": 164, ""6"": 44, ""8"": 2}"
10100000,254,254,8,1024,"{""0"": 2, ""2"": 40, ""4"": 172, ""6"": 40, ""8"": 2}"
10100001,254,254,8,1024,"{""0"": 2, ""2"": 36, ""4"": 180, ""6"": 36, ""8"": 2}"
10100010,254,254,8,1024,"{""0"": 2, ""2"": 44, ""4"": 164, ""6"": 44, ""8"": 2}"
10100011,254,254,8,1024,"{""0"": 2, ""2"": 44, ""4"": 164, ""6"": 44, ""8"": 2}"
10100100,254,254,8,1024,"{""0"": 2, ""2"": 42, ""4"": 168, ""6"": 42, ""8"": 2}"
10100101,254,254,8,1024,"{""0"": 2, ""2"": 44, ""4"": 164, ""6"": 44, ""8"": 2}"
10100110,254,254,8,1024,"{""0"": 2, ""2"": 42, ""4"": 168, ""6"": 42, ""8"": 2}"
10100111,254,254,8,1024,"{""0"": 2, ""2"": 38, ""4"": 176, ""6"": 38, ""8"": 2}"
10101000,254,254,8,1024,"{""0"": 2, ""2"": 40, ""4"": 172, ""6"": 40, ""8"": 2}"
10101001,254,254,8,1024,"{""0"": 2, ""2"": 42, ""4"": 168, ""6"": 42, ""8"": 2}"
10101010,254,254,8,1024,"{""0"": 2, ""2"": 42, ""4"": 168, ""6"": 42, ""8"": 2}"
10101011,254,254,8,1024,"{""0"": 2, ""2"": 44, ""4"": 164, ""6"": 44, ""8"": 2}"
10101100,254,254,8,1024,"{""0"": 2, ""2"": 48, ""4"": 156, ""6"": 48, ""8"": 2}"
10101101,254,254,8,1024,"{""0"": 2, ""2"": 48, ""4"": 156, ""6"": 48, ""8"": 2}"
10101110,254,254,8,1024,"{""0"": 2, ""2"": 42, ""4"": 168, ""6"": 42, ""8"": 2}"
10101111,254,254,8,1024,"{""0"": 2, ""2"": 44, ""4"": 164, ""6"": 44, ""8"": 2}"
10110000,254,254,8,1024,"{""0"": 2, ""2"": 44, ""4"": 164, ""6"": 44, ""8"": 2}"
10110001,254,254,8,1024,"{""0"": 2, ""2"": 42, ""4"": 168, ""6"": 42, ""8"": 2}"
10110010,254,254,8,1024,"{""0"": 2, ""2"": 38, ""4"": 176, ""6"": 38, ""8"": 2}"
10110011,254,254,8,1024,"{""0"": 2, ""2"": 42, ""4"": 168, ""6"": 42, ""8"": 2}"
10110100,254,254,8,1024,"{""0"": 2, ""2"": 36, ""4"": 180, ""6"": 36, ""8"": 2}"
10110101,254,254,8,1024,"{""0"": 2, ""2"": 40, ""4"": 172, ""6"": 40, ""8"": 2}"
10110110,254,254,8,1024,"{""0"": 2, ""2"": 44, ""4"": 164, ""6"": 44, ""8"": 2}"
10110111,254,254,8,1024,"{""0"": 2, ""2"": 44, ""4"": 164, ""6"": 44, ""8"": 2}"
10111000,254,254,8,1024,"{""0"": 2, ""2"": 48, ""4"": 156, ""6"": 48, ""8"": 2}"
10111001,254,254,8,1024,"{""0"": 2, ""2"": 48, ""4"": 156, ""6"": 48, ""8"": 2}"
10111010,254,254,8,1024,"{""0"": 2, ""2"": 44, ""4"": 164, ""6"": 44, ""8"": 2}"
10111011,254,254,8,1024,"{""0"": 2, ""2"": 42, ""4"": 168, ""6"": 42, ""8"": 2}"
10111100,254,254,8,1024,"{""0"": 2, ""2"": 42, ""4"": 168, ""6"": 42, ""8"": 2}"
10111101,254,254,8,1024,"{""0"": 2, ""2"": 40, ""4"": 172, ""6"": 40, ""8"": 2}"
10111110,254,254,8,1024,"{""0"": 2, ""2"": 44, ""4"": 164, ""6"": 44, ""8"": 2}"
10111111,254,254,8,1024,"{""0"": 2, ""2"": 42, ""4"": 168, ""6"": 42, ""8"": 2}"
11000000,254,254,8,1024,"{""0"": 2, ""2"": 42, ""4"": 168, ""6"": 42, ""8"": 2}"
11000001,254,254,8,1024,"{""0"": 2, ""2"": 44, ""4"": 164, ""6"": 44, ""8"": 2}"
11000010,254,254,8,1024,"{""0"": 2, ""2"": 40, ""4"": 172, ""6"": 40, ""8"": 2}"
11000011,254,254,8,1024,"{""0"": 2, ""2"": 42, ""4"": 168, ""6"": 42, ""8"": 2}"
11000100,254,254,8,1024,"{""0"": 2, ""2"": 42, ""4"": 168, ""6"": 42, ""8"": 2}"
11000101,254,254,8,1024,"{""0"": 2, ""2"": 44, ""4"": 164, ""6"": 44, ""8"": 2}"
11000110,254,254,8,1024,"{""0"": 2, ""2"": 48, ""4"": 156, ""6"": 48, ""8"": 2}"
11000111,254,254,8,1024,"{""0"": 2, ""2"": 48, ""4"": 156, ""6"": 48, ""8"": 2}"
11001000,254,254,8,1024,"{""0"": 2, ""2"": 44, ""4"": 164, ""6"": 44, ""8"": 2}"
11001001,254,254,8,1024,"{""0"": 2, ""2"": 44, ""4"": 164, ""6"": 44, ""8"": 2}"
11001010,254,254,8,1024,"{""0"": 2, ""2"": 40, ""4"": 172, ""6"": 40, ""8"": 2}"
11001011,254,254,8,1024,"{""0"": 2, ""2"": 36, ""4"": 180, ""6"": 36, ""8"": 2}"
11001100,254,254,8,1024,"{""0"": 2, ""2"": 42, ""4"": 168, ""6"": 42, ""8"": 2}"
11001101,254,254,8,1024,"{""0"": 2, ""2"": 38, ""4"": 176, ""6"": 38, ""8"": 2}"
11001110,254,254,8,1024,"{""0"": 2, ""2"": 42, ""4"": 168, ""6"": 42, ""8"": 2}"
11001111,254,254,8,1024,"{""0"": 2, ""2"": 44, ""4"": 164, ""6"": 44, ""8"": 2}"
11010000,254,254,8,1024,"{""0"": 2, ""2"": 44, ""4"": 164, ""6"": 44, ""8"": 2}"
11010001,254,254,8,1024,"{""0"": 2, ""2"": 42, ""4"": 168, ""6"": 42, ""8"": 2}"
11010010,254,254,8,1024,"{""0"": 2, ""2"": 48, ""4"": 156, ""6"": 48, ""8"": 2}"
11010011,254,254,8,1024,"{""0"": 2, ""2"": 48, ""4"": 156, ""6"": 48, ""8"": 2}"
11010100,254,254,8,1024,"{""0"": 2, ""2"": 44, ""4"": 164, ""6"": 44, ""8"": 2}"
11010101,254,254,8,1024,"{""0"": 2, ""2"": 42, ""4"": 168, ""6"": 42, ""8"": 2}"
11010110,254,254,8,1024,"{""0"": 2, ""2"": 42, ""4"": 168, ""6"": 42, ""8"": 2}"
11010111,254,254,8,1024,"{""0"": 2, ""2"": 40, ""4"": 172, ""6"": 40, ""8"": 2}"
11011000,254,254,8,1024,"{""0"": 2, ""2"": 38, ""4"": 176, ""6"": 38, ""8"": 2}"
11011001,254,254,8,1024,"{""0"": 2, ""2"": 42, ""4"": 168, ""6"": 42, ""8"": 2}"
11011010,254,254,8,1024,"{""0"": 2, ""2"": 44, ""4"": 164, ""6"": 44, ""8"": 2}"
11011011,254,254,8,1024,"{""0"": 2, ""2"": 42, ""4"": 168, ""6"": 42, ""8"": 2}"
11011100,254,254,8,1024,"{""0"": 2, ""2"": 44, ""4"": 164, ""6"": 44, ""8"": 2}"
11011101,254,254,8,1024,"{""0"": 2, ""2"": 44, ""4"": 164, ""6"": 44, ""8"": 2}"
11011110,254,254,8,1024,"{""0"": 2, ""2"": 36, ""4"": 180, ""6"": 36, ""8"": 2}"
11011111,254,254,8,1024,"{""0"": 2, ""2"": 40, ""4"": 172, ""6"": 40, ""8"": 2}"
11100000,254,254,8,1024,"{""0"": 2, ""2"": 44, ""4"": 164, ""6"": 44, ""8"": 2}"
11100001,254,254,8,1024,"{""0"": 2, ""2"": 44, ""4"": 164, ""6"": 44, ""8"": 2}"
11100010,254,254,8,1024,"{""0"": 2, ""2"": 40, ""4"": 172, ""6"": 40, ""8"": 2}"
11100011,254,254,8,1024,"{""0"": 2, ""2"": 36, ""4"": 180, ""6"": 36, ""8"": 2}"
11100100,254,254,8,1024,"{""0"": 2, ""2"": 42, ""4"": 168, ""6"": 42, ""8"": 2}"
11100101,254,254,8,1024,"{""0"": 2, ""2"": 38, ""4"": 176, ""6"": 38, ""8"": 2}"
11100110,254,254,8,1024,"{""0"": 2, ""2"": 42, ""4"": 168, ""6"": 42, ""8"": 2}"
11100111,254,254,8,1024,"{""0"": 2, ""2"": 44, ""4"": 164, ""6"": 44, ""8"": 2}"
11101000,254,254,8,1024,"{""0"": 2, ""2"": 42, ""4"": 168, ""6"": 42, ""8"": 2}"
11101001,254,254,8,1024,"{""0"": 2, ""2"": 44, ""4"": 164, ""6"": 44, ""8"": 2}"
11101010,254,254,8,1024,"{""0"": 2, ""2"": 40, ""4"": 172, ""6"": 40, ""8"": 2}"
11101011,254,254,8,1024,"{""0"": 2, ""2"": 42, ""4"": 168, ""6"": 42, ""8"": 2}"
11101100,254,254,8,1024,"{""0"": 2, ""2"": 42, ""4"": 168, ""6"": 42, ""8"": 2}"
11101101,254,254,8,1024,"{""0"": 2, ""2"": 44, ""4"": 164, ""6"": 44, ""8"": 2}"
11101110,254,254,8,1024,"{""0"": 2, ""2"": 48, ""4"": 156, ""6"": 48, ""8"": 2}"
11101111,254,254,8,1024,"{""0"": 2, ""2"": 48, ""4"": 156, ""6"": 48, ""8"": 2}"
11110000,254,254,8,1024,"{""0"": 2, ""2"": 38, ""4"": 176, ""6"": 38, ""8"": 2}"
11110001,254,254,8,1024,"{""0"": 2, ""2"": 42, ""4"": 168, ""6"": 42, ""8"": 2}"
11110010,254,254,8,1024,"{""0"": 2, ""2"": 44, ""4"": 164, ""6"": 44, ""8"": 2}"
11110011,254,254,8,1024,"{""0"": 2, ""2"": 42, ""4"": 168, ""6"": 42, ""8"": 2}"
11110100,254,254,8,1024,"{""0"": 2, ""2"": 44, ""4"": 164, ""6"": 44, ""8"": 2}"
11110101,254,254,8,1024,"{""0"": 2, ""2"": 44, ""4"": 164, ""6"": 44, ""8"": 2}"
11110110,254,254,8,1024,"{""0"": 2, ""2"": 36, ""4"": 180, ""6"": 36, ""8"": 2}"
11110111,254,254,8,1024,"{""0"": 2, ""2"": 40, ""4"": 172, ""6"": 40, ""8"": 2}"
11111000,254,254,8,1024,"{""0"": 2, ""2"": 44, ""4"": 164, ""6"": 44, ""8"": 2}"
11111001,254,254,8,1024,"{""0"": 2, ""2"": 42, ""4"": 168, ""6"": 42, ""8"": 2}"
11111010,254,254,8,1024,"{""0"": 2, ""2"": 48, ""4"": 156, ""6"": 48, ""8"": 2}"
11111011,254,254,8,1024,"{""0"": 2, ""2"": 48, ""4"": 156, ""6"": 48, ""8"": 2}"
11111100,254,254,8,1024,"{""0"": 2, ""2"": 44, ""4"": 164, ""6"": 44, ""8"": 2}"
11111101,254,254,8,1024,"{""0"": 2, ""2"": 42, ""4"": 168, ""6"": 42, ""8"": 2}"
11111110,254,254,8,1024,"{""0"": 2, ""2"": 42, ""4"": 168, ""6"": 42, ""8"": 2}"
11111111,254,254,8,1024,"{""0"": 2, ""2"": 40, ""4"": 172, ""6"": 40, ""8"": 2}"
